{"stats":{"minecraft:killed":{"minecraft:trader_llama":3,"minecraft:pig":9,"alexsmobs:seal":21,"alexsmobs:fly":5,"minecraft:wandering_trader":2,"enemyexpansion:direwolf":1,"born_in_chaos_v1:zombie_bruiser":1,"earthmobsmod:wooly_cow":8,"minecraft:enderman":2,"earthmobsmod:umbra_cow":14},"minecraft:used":{"luminousworld:patterned_ish_bricks":3635,"luminousworld:yellowishbrick":527,"minecraft:water_bucket":222,"twilightforest:mining_leaves":366,"minecraft:flint_and_steel":3,"alexsmobs:spawn_egg_seal":9,"minecraft:grass_block":7253,"luminousworld:white_patterned_ish_bricks":462,"luminousworld:black_ish_brick":6,"minecraft:dark_oak_slab":237,"eeeabsmobs:immortal_block":4,"born_in_chaos_v1:black_argillite_brick_n":127,"securitycraft:reinforced_black_concrete":2,"iceandfire:dread_stone_bricks":2,"minecraft:glowstone":1,"luminousworld:black_patterned_ish_bricks":1,"minecraft:dirt":61,"twilightforest:transformation_leaves":1,"minecraft:tnt":22,"twilightforest:sorting_leaves":45,"alexsmobs:animal_dictionary":3,"minecraft:ochre_froglight":53,"twilightforest:time_leaves":7},"minecraft:picked_up":{"luminousworld:groundpebbles_1":1,"minecraft:dark_oak_slab":2,"minecraft:leather":24,"minecraft:brown_wool":7,"minecraft:lead":3,"minecraft:porkchop":11,"minecraft:sand":64,"minecraft:oak_log":1,"supplementaries:flax_seeds":4,"luminousworld:yellowishbrick":1,"minecraft:grass_block":1,"minecraft:dirt":211,"minecraft:rotten_flesh":4,"minecraft:wheat_seeds":1,"minecraft:beef":39,"minecraft:granite":9,"cataclysm:the_incinerator":3,"alexsmobs:maggot":4,"minecraft:black_wool":14,"minecraft:iron_sword":1,"minecraft:cobblestone":15},"minecraft:dropped":{"cataclysm:the_incinerator":3,"minecraft:dark_oak_slab":2,"luminousworld:yellowishbrick":1,"minecraft:beef":18,"minecraft:grass_block":1},"minecraft:custom":{"minecraft:time_since_rest":337045,"minecraft:sprint_one_cm":57551,"minecraft:walk_one_cm":531344,"minecraft:mob_kills":66,"minecraft:drop":25,"minecraft:damage_dealt":7807,"minecraft:swim_one_cm":9778,"minecraft:fly_one_cm":2401180,"minecraft:open_chest":1,"minecraft:crouch_one_cm":44,"minecraft:play_time":337045,"tombstone:undead_killed":1,"minecraft:sneak_time":721,"minecraft:walk_under_water_one_cm":26692,"tombstone:villager_killed":2,"minecraft:jump":585,"minecraft:leave_game":5,"minecraft:walk_on_water_one_cm":44863,"minecraft:time_since_death":337045,"minecraft:total_world_time":337045}},"DataVersion":3465}