{"stats":{"minecraft:killed":{"minecraft:pig":10,"alexsmobs:seal":21,"luminousworld:sunken_skeleton":1,"minecraft:wandering_trader":2,"enemyexpansion:direwolf":1,"born_in_chaos_v1:zombie_bruiser":1,"earthmobsmod:wooly_cow":10,"earthmobsmod:umbra_cow":14,"minecraft:trader_llama":3,"alexsmobs:fly":6,"minecraft:enderman":2},"minecraft:used":{"minecraft:cherry_sapling":2,"twilightforest:mining_sapling":1,"quark:calcite_bricks_stairs":26,"minecraft:yellow_banner":10,"luminousworld:patterned_ish_bricks":3777,"quark:lime_shingles_vertical_slab":16,"luminousworld:yellowishbrick":527,"minecraft:water_bucket":222,"twilightforest:mining_leaves":525,"minecraft:flint_and_steel":253,"alexsmobs:spawn_egg_seal":9,"quark:white_framed_glass_pane":88,"aether:skyroot_sapling":8,"quark:calcite_bricks":349,"luminousworld:black_ish_brick":6,"eeeabsmobs:immortal_block":4,"iceandfire:dread_stone_bricks":2,"quark:deepslate_tile_vertical_slab":31,"securitycraft:reinforced_glass_pane":2,"luminousworld:black_patterned_ish_bricks":1,"minecraft:dirt":61,"quark:yellow_blossom_sapling":1,"twilightforest:transformation_leaves":1,"minecraft:tnt":22,"born_in_chaos_v1:black_argillite_brick_slab_n":15,"twilightforest:sorting_leaves":45,"quark:lavender_blossom_leaves":12,"quark:framed_glass":365,"quark:lavender_blossom_sapling":1,"minecraft:chiseled_quartz_block":7,"minecraft:ochre_froglight":218,"twilightforest:time_leaves":7,"twilightforest:hollow_oak_sapling":1,"supplementaries:candle_holder_yellow":1,"minecraft:jungle_sapling":54,"minecraft:glass":365,"minecraft:dark_oak_planks":112,"quark:white_shingles_stairs":8,"minecraft:quartz_pillar":7,"minecraft:lantern":21,"minecraft:grass_block":7259,"minecraft:barrier":1122,"born_in_chaos_v1:black_argillite_brick_stairs_n":238,"twilightforest:mangrove_sapling":7,"luminousworld:white_patterned_ish_bricks":1961,"twilightforest:time_sapling":1,"aether:golden_oak_sapling":12,"aether:valkyrie_spawn_egg":1,"minecraft:dark_oak_slab":484,"born_in_chaos_v1:black_argillite_brick_n":291,"quark:stripped_ancient_post":14,"securitycraft:reinforced_black_concrete":2,"quark:stripped_oak_post":7,"quark:vertical_dark_oak_planks":416,"securitycraft:reinforced_chain":163,"twilightforest:transformation_sapling":7,"minecraft:glowstone":1,"alexsmobs:animal_dictionary":3,"quark:red_blossom_sapling":1,"minecraft:bone_meal":399},"minecraft:killed_by":{"minecraft:player":1},"minecraft:picked_up":{"luminousworld:groundpebbles_1":1,"aether:skyroot_sapling":2,"minecraft:brown_wool":9,"minecraft:leather":24,"minecraft:lead":3,"minecraft:oak_log":1,"supplementaries:flax_seeds":4,"luminousworld:yellowishbrick":1,"minecraft:dirt":211,"minecraft:lantern":2,"tombstone:gift":1,"minecraft:leather_boots":1,"supplementaries:statue":3,"luminousworld:white_patterned_ish_bricks":2,"aether:skyroot_stick":8,"minecraft:wheat_seeds":2,"securitycraft:reinforced_chain":1,"minecraft:beef":43,"minecraft:jungle_sapling":1,"minecraft:iron_sword":1,"aether:golden_oak_sapling":6,"minecraft:dark_oak_slab":2,"minecraft:porkchop":12,"minecraft:sand":64,"quark:white_shingles_stairs":1,"minecraft:grass_block":2,"minecraft:yellow_banner":2,"minecraft:rotten_flesh":4,"luminousworld:patterned_ish_bricks":1,"minecraft:granite":9,"cataclysm:the_incinerator":5,"quark:lime_shingles_vertical_slab":1,"alexsmobs:maggot":4,"minecraft:black_wool":14,"minecraft:cobblestone":15},"minecraft:dropped":{"luminousworld:white_patterned_ish_bricks":1,"cataclysm:the_incinerator":6,"minecraft:dark_oak_slab":2,"minecraft:lantern":2,"minecraft:grass_block":1,"quark:lime_shingles_vertical_slab":1,"luminousworld:yellowishbrick":1,"minecraft:beef":18,"luminousworld:patterned_ish_bricks":1},"minecraft:custom":{"minecraft:mob_kills":71,"minecraft:leave_game":8,"minecraft:time_since_death":8300,"minecraft:climb_one_cm":195,"minecraft:time_since_rest":6225,"minecraft:sprint_one_cm":147949,"minecraft:damage_taken":226,"minecraft:walk_one_cm":1031678,"minecraft:trigger_trapped_chest":3,"minecraft:drop":33,"minecraft:damage_dealt":10540,"minecraft:swim_one_cm":10157,"minecraft:fly_one_cm":3774294,"minecraft:player_kills":9,"minecraft:open_chest":3,"minecraft:crouch_one_cm":184,"minecraft:play_time":658809,"tombstone:undead_killed":1,"minecraft:deaths":1,"minecraft:sneak_time":1389,"minecraft:walk_under_water_one_cm":34103,"tombstone:villager_killed":2,"minecraft:jump":2010,"minecraft:walk_on_water_one_cm":47251,"minecraft:total_world_time":658809}},"DataVersion":3465}