{"stats":{"minecraft:killed":{"minecraft:trader_llama":3,"minecraft:pig":10,"alexsmobs:seal":21,"alexsmobs:fly":5,"luminousworld:sunken_skeleton":1,"minecraft:wandering_trader":2,"enemyexpansion:direwolf":1,"earthmobsmod:wooly_cow":10,"born_in_chaos_v1:zombie_bruiser":1,"minecraft:enderman":2,"earthmobsmod:umbra_cow":14},"minecraft:used":{"minecraft:dark_oak_planks":112,"quark:white_shingles_stairs":2,"minecraft:glass":365,"luminousworld:patterned_ish_bricks":3636,"luminousworld:yellowishbrick":527,"minecraft:water_bucket":222,"twilightforest:mining_leaves":369,"minecraft:quartz_pillar":7,"minecraft:flint_and_steel":3,"alexsmobs:spawn_egg_seal":9,"minecraft:grass_block":7253,"born_in_chaos_v1:black_argillite_brick_stairs_n":238,"luminousworld:white_patterned_ish_bricks":1940,"eeeabsmobs:immortal_block":4,"minecraft:dark_oak_slab":483,"luminousworld:black_ish_brick":6,"born_in_chaos_v1:black_argillite_brick_n":273,"securitycraft:reinforced_black_concrete":2,"iceandfire:dread_stone_bricks":2,"quark:vertical_dark_oak_planks":416,"securitycraft:reinforced_glass_pane":2,"luminousworld:black_patterned_ish_bricks":1,"minecraft:glowstone":1,"minecraft:dirt":61,"twilightforest:transformation_leaves":1,"minecraft:tnt":22,"twilightforest:sorting_leaves":45,"minecraft:chiseled_quartz_block":7,"alexsmobs:animal_dictionary":3,"minecraft:ochre_froglight":218,"twilightforest:time_leaves":7},"minecraft:picked_up":{"luminousworld:groundpebbles_1":1,"minecraft:dark_oak_slab":2,"minecraft:brown_wool":9,"minecraft:leather":24,"minecraft:lead":3,"minecraft:porkchop":12,"minecraft:sand":64,"minecraft:oak_log":1,"supplementaries:flax_seeds":4,"luminousworld:yellowishbrick":1,"quark:white_shingles_stairs":1,"minecraft:grass_block":1,"minecraft:dirt":211,"minecraft:rotten_flesh":4,"minecraft:wheat_seeds":1,"minecraft:beef":43,"minecraft:granite":9,"cataclysm:the_incinerator":5,"alexsmobs:maggot":4,"minecraft:black_wool":14,"minecraft:iron_sword":1,"minecraft:cobblestone":15},"minecraft:dropped":{"cataclysm:the_incinerator":5,"minecraft:dark_oak_slab":2,"luminousworld:yellowishbrick":1,"minecraft:beef":18,"minecraft:grass_block":1},"minecraft:custom":{"minecraft:time_since_rest":462256,"minecraft:sprint_one_cm":87111,"minecraft:walk_one_cm":689054,"minecraft:mob_kills":70,"minecraft:drop":27,"minecraft:damage_dealt":8489,"minecraft:swim_one_cm":10157,"minecraft:fly_one_cm":2766580,"minecraft:open_chest":1,"minecraft:crouch_one_cm":44,"minecraft:play_time":462256,"tombstone:undead_killed":1,"minecraft:sneak_time":826,"minecraft:walk_under_water_one_cm":32322,"tombstone:villager_killed":2,"minecraft:jump":1149,"minecraft:leave_game":6,"minecraft:time_since_death":462256,"minecraft:walk_on_water_one_cm":47107,"minecraft:total_world_time":462256}},"DataVersion":3465}