{"stats":{"minecraft:dropped":{"minecraft:beef":18,"cataclysm:the_incinerator":2},"minecraft:used":{"luminousworld:yellowishbrick":374,"minecraft:water_bucket":222,"minecraft:dirt":61,"minecraft:flint_and_steel":3,"minecraft:tnt":22,"minecraft:grass_block":5897,"alexsmobs:animal_dictionary":3},"minecraft:picked_up":{"luminousworld:groundpebbles_1":1,"minecraft:lead":1,"minecraft:leather":10,"minecraft:brown_wool":7,"minecraft:wheat_seeds":1,"minecraft:granite":9,"minecraft:beef":19,"minecraft:porkchop":7,"minecraft:sand":64,"supplementaries:flax_seeds":4,"cataclysm:the_incinerator":2,"minecraft:black_wool":4,"minecraft:dirt":211,"minecraft:cobblestone":15},"minecraft:killed":{"alexsmobs:seal":11,"alexsmobs:fly":1,"minecraft:trader_llama":1,"minecraft:wandering_trader":1,"minecraft:pig":4,"earthmobsmod:wooly_cow":8,"earthmobsmod:umbra_cow":4},"minecraft:custom":{"minecraft:open_chest":1,"minecraft:time_since_rest":187619,"minecraft:sprint_one_cm":35883,"minecraft:play_time":187619,"minecraft:walk_one_cm":81188,"minecraft:sneak_time":668,"minecraft:walk_under_water_one_cm":26692,"minecraft:mob_kills":30,"minecraft:drop":20,"tombstone:villager_killed":1,"minecraft:jump":177,"minecraft:damage_dealt":3237,"minecraft:leave_game":4,"minecraft:walk_on_water_one_cm":44863,"minecraft:time_since_death":187619,"minecraft:total_world_time":187619,"minecraft:swim_one_cm":9778,"minecraft:fly_one_cm":1918523}},"DataVersion":3465}