{"stats":{"minecraft:used":{"alexsmobs:animal_dictionary":3,"minecraft:dirt":61,"minecraft:grass_block":737},"minecraft:custom":{"minecraft:jump":35,"minecraft:time_since_rest":66800,"minecraft:damage_dealt":7,"minecraft:sprint_one_cm":15959,"minecraft:leave_game":3,"minecraft:play_time":66800,"minecraft:time_since_death":66800,"minecraft:walk_on_water_one_cm":490,"minecraft:walk_one_cm":6594,"minecraft:sneak_time":580,"minecraft:total_world_time":66800,"minecraft:walk_under_water_one_cm":9202,"minecraft:swim_one_cm":2859,"minecraft:fly_one_cm":1337084}},"DataVersion":3465}