{"stats":{"minecraft:killed":{"minecraft:trader_llama":3,"minecraft:pig":9,"alexsmobs:seal":16,"alexsmobs:fly":4,"minecraft:wandering_trader":2,"enemyexpansion:direwolf":1,"earthmobsmod:wooly_cow":8,"earthmobsmod:umbra_cow":12},"minecraft:used":{"luminousworld:patterned_ish_bricks":2772,"luminousworld:yellowishbrick":527,"minecraft:water_bucket":222,"minecraft:flint_and_steel":3,"alexsmobs:spawn_egg_seal":9,"minecraft:grass_block":7253,"minecraft:dirt":61,"minecraft:tnt":22,"alexsmobs:animal_dictionary":3},"minecraft:picked_up":{"luminousworld:groundpebbles_1":1,"minecraft:leather":24,"minecraft:brown_wool":7,"minecraft:lead":3,"minecraft:porkchop":11,"minecraft:sand":64,"supplementaries:flax_seeds":4,"luminousworld:yellowishbrick":1,"minecraft:grass_block":1,"minecraft:dirt":211,"minecraft:wheat_seeds":1,"minecraft:beef":36,"minecraft:granite":9,"cataclysm:the_incinerator":3,"alexsmobs:maggot":2,"minecraft:black_wool":12,"minecraft:iron_sword":1,"minecraft:cobblestone":15},"minecraft:dropped":{"cataclysm:the_incinerator":3,"luminousworld:yellowishbrick":1,"minecraft:beef":18,"minecraft:grass_block":1},"minecraft:custom":{"minecraft:time_since_rest":271045,"minecraft:sprint_one_cm":48029,"minecraft:walk_one_cm":335115,"minecraft:mob_kills":55,"minecraft:drop":23,"minecraft:damage_dealt":6127,"minecraft:swim_one_cm":9778,"minecraft:fly_one_cm":2325303,"minecraft:open_chest":1,"minecraft:play_time":271045,"minecraft:sneak_time":668,"minecraft:walk_under_water_one_cm":26692,"tombstone:villager_killed":2,"minecraft:jump":416,"minecraft:leave_game":5,"minecraft:walk_on_water_one_cm":44863,"minecraft:time_since_death":271045,"minecraft:total_world_time":271045}},"DataVersion":3465}