{"stats":{"minecraft:used":{"luminousworld:yellowishbrick":322,"minecraft:water_bucket":41,"minecraft:dirt":61,"minecraft:flint_and_steel":3,"minecraft:tnt":22,"minecraft:grass_block":5664,"alexsmobs:animal_dictionary":3},"minecraft:picked_up":{"minecraft:beef":3,"minecraft:porkchop":4,"minecraft:sand":64,"minecraft:black_wool":1},"minecraft:killed":{"alexsmobs:fly":1,"minecraft:pig":2,"earthmobsmod:umbra_cow":1},"minecraft:custom":{"minecraft:open_chest":1,"minecraft:time_since_rest":133619,"minecraft:sprint_one_cm":28303,"minecraft:play_time":133619,"minecraft:walk_one_cm":22472,"minecraft:sneak_time":668,"minecraft:walk_under_water_one_cm":20459,"minecraft:mob_kills":4,"minecraft:jump":75,"minecraft:damage_dealt":667,"minecraft:leave_game":4,"minecraft:walk_on_water_one_cm":8515,"minecraft:time_since_death":133619,"minecraft:total_world_time":133619,"minecraft:swim_one_cm":6105,"minecraft:fly_one_cm":1689921}},"DataVersion":3465}