{"stats":{"minecraft:picked_up":{"minecraft:beef":3,"minecraft:black_wool":1},"minecraft:used":{"alexsmobs:animal_dictionary":3,"minecraft:dirt":61,"minecraft:grass_block":1820},"minecraft:killed":{"earthmobsmod:umbra_cow":1},"minecraft:custom":{"minecraft:jump":49,"minecraft:time_since_rest":80122,"minecraft:damage_dealt":107,"minecraft:leave_game":4,"minecraft:play_time":80122,"minecraft:sprint_one_cm":17686,"minecraft:time_since_death":80122,"minecraft:walk_on_water_one_cm":490,"minecraft:walk_one_cm":10625,"minecraft:sneak_time":590,"minecraft:total_world_time":80122,"minecraft:walk_under_water_one_cm":9202,"minecraft:mob_kills":1,"minecraft:swim_one_cm":2859,"minecraft:fly_one_cm":1412000}},"DataVersion":3465}