{"stats":{"minecraft:used":{"alexsmobs:animal_dictionary":3,"minecraft:dirt":61,"minecraft:grass_block":2379},"minecraft:picked_up":{"minecraft:beef":3,"minecraft:black_wool":1},"minecraft:killed":{"earthmobsmod:umbra_cow":1},"minecraft:custom":{"minecraft:jump":51,"minecraft:time_since_rest":85619,"minecraft:damage_dealt":217,"minecraft:leave_game":4,"minecraft:play_time":85619,"minecraft:sprint_one_cm":20251,"minecraft:time_since_death":85619,"minecraft:walk_on_water_one_cm":513,"minecraft:walk_one_cm":13397,"minecraft:sneak_time":592,"minecraft:total_world_time":85619,"minecraft:walk_under_water_one_cm":10538,"minecraft:mob_kills":1,"minecraft:swim_one_cm":2859,"minecraft:fly_one_cm":1454512}},"DataVersion":3465}