{"stats":{"minecraft:used":{"alexsmobs:animal_dictionary":3,"minecraft:dirt":61,"minecraft:grass_block":1212},"minecraft:custom":{"minecraft:jump":36,"minecraft:time_since_rest":71740,"minecraft:damage_dealt":7,"minecraft:leave_game":3,"minecraft:play_time":71740,"minecraft:sprint_one_cm":15959,"minecraft:time_since_death":71740,"minecraft:walk_on_water_one_cm":490,"minecraft:walk_one_cm":6594,"minecraft:sneak_time":590,"minecraft:total_world_time":71740,"minecraft:walk_under_water_one_cm":9202,"minecraft:swim_one_cm":2859,"minecraft:fly_one_cm":1376857}},"DataVersion":3465}