{"stats":{"minecraft:used":{"alexsmobs:animal_dictionary":3,"minecraft:dirt":61,"minecraft:grass_block":3717},"minecraft:picked_up":{"minecraft:beef":3,"minecraft:porkchop":4,"minecraft:black_wool":1},"minecraft:killed":{"minecraft:pig":2,"earthmobsmod:umbra_cow":1},"minecraft:custom":{"minecraft:jump":58,"minecraft:time_since_rest":97619,"minecraft:damage_dealt":537,"minecraft:leave_game":4,"minecraft:play_time":97619,"minecraft:sprint_one_cm":28303,"minecraft:time_since_death":97619,"minecraft:walk_on_water_one_cm":513,"minecraft:walk_one_cm":18483,"minecraft:sneak_time":596,"minecraft:total_world_time":97619,"minecraft:walk_under_water_one_cm":10538,"minecraft:mob_kills":3,"minecraft:swim_one_cm":2859,"minecraft:fly_one_cm":1526457}},"DataVersion":3465}