{"stats":{"minecraft:dropped":{"cataclysm:the_incinerator":2,"luminousworld:yellowishbrick":1,"minecraft:beef":18},"minecraft:used":{"luminousworld:yellowishbrick":527,"minecraft:water_bucket":222,"minecraft:flint_and_steel":3,"minecraft:grass_block":5971,"minecraft:dirt":61,"minecraft:tnt":22,"alexsmobs:animal_dictionary":3},"minecraft:picked_up":{"luminousworld:groundpebbles_1":1,"minecraft:brown_wool":7,"minecraft:leather":10,"minecraft:lead":1,"minecraft:porkchop":7,"minecraft:sand":64,"supplementaries:flax_seeds":4,"luminousworld:yellowishbrick":1,"minecraft:dirt":211,"minecraft:wheat_seeds":1,"minecraft:beef":19,"minecraft:granite":9,"cataclysm:the_incinerator":2,"alexsmobs:maggot":1,"minecraft:black_wool":4,"minecraft:cobblestone":15},"minecraft:killed":{"minecraft:trader_llama":1,"minecraft:pig":5,"alexsmobs:seal":11,"alexsmobs:fly":2,"minecraft:wandering_trader":1,"earthmobsmod:wooly_cow":8,"earthmobsmod:umbra_cow":4},"minecraft:custom":{"minecraft:time_since_rest":211619,"minecraft:sprint_one_cm":38396,"minecraft:walk_one_cm":130621,"minecraft:mob_kills":32,"minecraft:drop":21,"minecraft:damage_dealt":3357,"minecraft:swim_one_cm":9778,"minecraft:fly_one_cm":2084222,"minecraft:open_chest":1,"minecraft:play_time":211619,"minecraft:sneak_time":668,"minecraft:walk_under_water_one_cm":26692,"tombstone:villager_killed":1,"minecraft:jump":255,"minecraft:leave_game":4,"minecraft:time_since_death":211619,"minecraft:walk_on_water_one_cm":44863,"minecraft:total_world_time":211619}},"DataVersion":3465}