{"stats":{"minecraft:used":{"alexsmobs:animal_dictionary":3,"minecraft:dirt":61,"minecraft:grass_block":471},"minecraft:custom":{"minecraft:jump":28,"minecraft:time_since_rest":60249,"minecraft:sprint_one_cm":15959,"minecraft:leave_game":2,"minecraft:play_time":60249,"minecraft:time_since_death":60249,"minecraft:walk_on_water_one_cm":490,"minecraft:walk_one_cm":6196,"minecraft:sneak_time":564,"minecraft:total_world_time":60249,"minecraft:walk_under_water_one_cm":9202,"minecraft:swim_one_cm":2859,"minecraft:fly_one_cm":1314775}},"DataVersion":3465}