{"stats":{"minecraft:used":{"luminousworld:yellowishbrick":275,"minecraft:dirt":61,"minecraft:grass_block":5042,"alexsmobs:animal_dictionary":3},"minecraft:picked_up":{"minecraft:beef":3,"minecraft:porkchop":4,"minecraft:black_wool":1},"minecraft:killed":{"alexsmobs:fly":1,"minecraft:pig":2,"earthmobsmod:umbra_cow":1},"minecraft:custom":{"minecraft:time_since_rest":121619,"minecraft:sprint_one_cm":28303,"minecraft:play_time":121619,"minecraft:walk_one_cm":22024,"minecraft:sneak_time":623,"minecraft:walk_under_water_one_cm":11486,"minecraft:mob_kills":4,"minecraft:jump":64,"minecraft:damage_dealt":667,"minecraft:leave_game":4,"minecraft:walk_on_water_one_cm":518,"minecraft:time_since_death":121619,"minecraft:total_world_time":121619,"minecraft:swim_one_cm":2859,"minecraft:fly_one_cm":1623110}},"DataVersion":3465}