{"stats":{"minecraft:used":{"quark:calcite_bricks_stairs":26,"luminousworld:patterned_ish_bricks":3960,"quark:lime_shingles_vertical_slab":16,"minecraft:cherry_sapling":2,"minecraft:flint_and_steel":253,"twilightforest:mining_leaves":531,"alexsmobs:spawn_egg_seal":9,"minecraft:carved_pumpkin":6,"quark:calcite_bricks":380,"securitycraft:secret_cherry_sign_item":10,"eeeabsmobs:immortal_block":4,"luminousworld:black_ish_brick":6,"minecraft:zombie_spawn_egg":3,"minecraft:dirt":65,"quark:yellow_blossom_sapling":1,"twilightforest:transformation_leaves":1,"twilightforest:sorting_leaves":45,"quark:lavender_blossom_leaves":12,"quark:framed_glass":365,"quark:lavender_blossom_sapling":1,"twilightforest:hollow_oak_sapling":1,"minecraft:jungle_sapling":54,"minecraft:glass":365,"quark:white_shingles_stairs":8,"minecraft:dark_oak_planks":112,"minecraft:sea_lantern":110,"minecraft:quartz_pillar":7,"minecraft:lantern":21,"minecraft:iron_block":25,"minecraft:grass_block":7259,"born_in_chaos_v1:black_argillite_brick_stairs_n":238,"minecraft:dark_oak_slab":488,"quark:stripped_oak_post":7,"quark:vertical_dark_oak_planks":416,"twilightforest:transformation_sapling":7,"minecraft:glowstone":104,"quark:azalea_boat":14,"twilightforest:mining_sapling":1,"minecraft:water_bucket":222,"luminousworld:yellowishbrick":527,"minecraft:yellow_banner":11,"iceandfire:myrmex_jungle_biolight":23,"quark:white_framed_glass_pane":88,"aether:skyroot_sapling":8,"securitycraft:secret_oak_hanging_sign":1,"iceandfire:dread_stone_bricks":2,"quark:deepslate_tile_vertical_slab":31,"securitycraft:reinforced_glass_pane":2,"elevatorid:elevator_white":6,"luminousworld:black_patterned_ish_bricks":1,"minecraft:tnt":22,"born_in_chaos_v1:black_argillite_brick_slab_n":15,"minecraft:chiseled_quartz_block":7,"minecraft:ochre_froglight":218,"twilightforest:time_leaves":7,"supplementaries:candle_holder_yellow":1,"minecraft:warped_planks":317,"quark:stripped_azalea_post":328,"minecraft:enderman_spawn_egg":3,"minecraft:command_block":8,"minecraft:barrier":1342,"aether:golden_oak_sapling":12,"twilightforest:time_sapling":1,"luminousworld:white_patterned_ish_bricks":2034,"twilightforest:mangrove_sapling":7,"aether:valkyrie_spawn_egg":10,"securitycraft:reinforced_black_concrete":2,"quark:stripped_ancient_post":14,"born_in_chaos_v1:black_argillite_brick_n":291,"minecraft:cat_spawn_egg":4,"securitycraft:reinforced_chain":163,"alexsmobs:animal_dictionary":3,"quark:red_blossom_sapling":1,"minecraft:bone_meal":399},"minecraft:killed_by":{"minecraft:player":1},"minecraft:dropped":{"luminousworld:white_patterned_ish_bricks":1,"cataclysm:the_incinerator":14,"minecraft:dark_oak_slab":2,"minecraft:lantern":2,"minecraft:grass_block":1,"quark:lime_shingles_vertical_slab":1,"luminousworld:yellowishbrick":1,"luminousworld:patterned_ish_bricks":1,"minecraft:beef":18},"minecraft:picked_up":{"luminousworld:groundpebbles_1":1,"minecraft:leather_leggings":1,"minecraft:lead":7,"tombstone:grave_key":2,"minecraft:string":3,"minecraft:flint_and_steel":1,"born_in_chaos_v1:intoxicating_decoction":1,"supplementaries:statue":6,"minecraft:iron_shovel":1,"luminousworld:white_patterned_ish_bricks":2,"aether:skyroot_stick":8,"securitycraft:reinforced_chain":1,"minecraft:beef":44,"minecraft:jungle_sapling":1,"quark:yellow_blossom_sapling":1,"minecraft:tipped_arrow":1,"minecraft:copper_ingot":1,"minecraft:porkchop":12,"minecraft:cookie":5,"tombstone:grave_dust":5,"quark:white_shingles_stairs":1,"minecraft:yellow_banner":2,"minecraft:arrow":1,"minecraft:rotten_flesh":38,"minecraft:decorated_pot":1,"quark:calcite_bricks":2,"supplementaries:ash":3,"quark:framed_glass":1,"minecraft:cod":2,"minecraft:cobblestone":20,"born_in_chaos_v1:corpse_maggot":2,"minecraft:barrier":2,"minecraft:leather_chestplate":1,"minecraft:cooked_beef":2,"aether:skyroot_sapling":2,"minecraft:salmon":1,"minecraft:leather":26,"minecraft:brown_wool":11,"minecraft:torchflower":1,"minecraft:oak_log":2,"supplementaries:flax_seeds":4,"luminousworld:yellowishbrick":1,"minecraft:dirt":211,"minecraft:lantern":2,"tombstone:gift":1,"minecraft:leather_boots":1,"minecraft:bone":2,"minecraft:wheat_seeds":3,"minecraft:iron_ingot":38,"aether:victory_medal":2,"tombstone:bag_of_seeds":1,"minecraft:iron_sword":1,"aether:golden_oak_sapling":6,"minecraft:dark_oak_slab":2,"minecraft:poisonous_potato":1,"minecraft:sand":64,"minecraft:grass_block":2,"minecraft:leather_helmet":1,"undead_revamp2:heavytooth":1,"undead_revamp2:rawbostrox":1,"minecraft:bundle":1,"luminousworld:patterned_ish_bricks":4,"minecraft:granite":9,"cataclysm:the_incinerator":13,"alexsmobs:maggot":5,"quark:lime_shingles_vertical_slab":1,"tombstone:magic_scroll":2,"minecraft:black_wool":14,"minecraft:ender_pearl":3},"minecraft:killed":{"minecraft:spider":1,"luminousworld:sunken_skeleton":1,"enemyexpansion:direwolf":2,"born_in_chaos_v1:zombie_bruiser":2,"born_in_chaos_v1:maggot":1,"minecraft:skeleton":1,"aether:valkyrie":2,"undead_revamp2:therod":1,"born_in_chaos_v1:barrel_zombie":1,"minecraft:cat":3,"minecraft:pig":10,"undead_revamp2:the_moonflower":1,"alexsmobs:seal":21,"undead_revamp2:theheavy":1,"minecraft:wandering_trader":4,"earthmobsmod:wooly_cow":11,"earthmobsmod:umbra_cow":14,"minecraft:trader_llama":7,"minecraft:zombie":5,"born_in_chaos_v1:corpse_fly":1,"alexsmobs:fly":8,"born_in_chaos_v1:door_knight":1,"minecraft:enderman":6},"minecraft:custom":{"minecraft:mob_kills":105,"minecraft:damage_dealt_resisted":1182,"minecraft:leave_game":12,"minecraft:time_since_death":211255,"minecraft:climb_one_cm":379,"minecraft:sprint_one_cm":245597,"minecraft:walk_one_cm":1348642,"minecraft:drop":41,"minecraft:play_time":861764,"minecraft:deaths":1,"minecraft:sneak_time":1560,"minecraft:walk_under_water_one_cm":45047,"minecraft:jump":2531,"minecraft:walk_on_water_one_cm":72103,"minecraft:total_world_time":861764,"minecraft:time_since_rest":209180,"minecraft:damage_taken":276,"minecraft:trigger_trapped_chest":3,"minecraft:damage_dealt":22348,"minecraft:swim_one_cm":10157,"minecraft:fly_one_cm":4006005,"minecraft:player_kills":17,"minecraft:open_chest":3,"minecraft:crouch_one_cm":184,"tombstone:undead_killed":13,"tombstone:villager_killed":4,"minecraft:fall_one_cm":267}},"DataVersion":3465}