{"stats":{"minecraft:killed":{"minecraft:pig":10,"alexsmobs:seal":21,"luminousworld:sunken_skeleton":1,"minecraft:wandering_trader":2,"enemyexpansion:direwolf":1,"born_in_chaos_v1:zombie_bruiser":1,"earthmobsmod:wooly_cow":10,"earthmobsmod:umbra_cow":14,"minecraft:trader_llama":3,"alexsmobs:fly":6,"minecraft:enderman":2},"minecraft:used":{"twilightforest:mining_sapling":1,"minecraft:cherry_sapling":2,"quark:lime_shingles_vertical_slab":16,"quark:calcite_bricks_stairs":26,"luminousworld:patterned_ish_bricks":3777,"minecraft:water_bucket":222,"luminousworld:yellowishbrick":527,"minecraft:yellow_banner":10,"minecraft:flint_and_steel":253,"twilightforest:mining_leaves":525,"alexsmobs:spawn_egg_seal":9,"quark:white_framed_glass_pane":88,"aether:skyroot_sapling":8,"quark:calcite_bricks":347,"luminousworld:black_ish_brick":6,"eeeabsmobs:immortal_block":4,"iceandfire:dread_stone_bricks":2,"quark:deepslate_tile_vertical_slab":31,"securitycraft:reinforced_glass_pane":2,"luminousworld:black_patterned_ish_bricks":1,"minecraft:dirt":61,"quark:yellow_blossom_sapling":1,"twilightforest:transformation_leaves":1,"minecraft:tnt":22,"born_in_chaos_v1:black_argillite_brick_slab_n":15,"twilightforest:sorting_leaves":45,"quark:lavender_blossom_leaves":12,"quark:framed_glass":365,"quark:lavender_blossom_sapling":1,"minecraft:chiseled_quartz_block":7,"minecraft:ochre_froglight":218,"twilightforest:time_leaves":7,"twilightforest:hollow_oak_sapling":1,"supplementaries:candle_holder_yellow":1,"minecraft:jungle_sapling":54,"minecraft:glass":365,"quark:white_shingles_stairs":8,"minecraft:dark_oak_planks":112,"minecraft:quartz_pillar":7,"minecraft:lantern":8,"minecraft:grass_block":7259,"minecraft:barrier":810,"born_in_chaos_v1:black_argillite_brick_stairs_n":238,"twilightforest:time_sapling":1,"twilightforest:mangrove_sapling":7,"aether:golden_oak_sapling":12,"luminousworld:white_patterned_ish_bricks":1961,"minecraft:dark_oak_slab":484,"securitycraft:reinforced_black_concrete":2,"quark:stripped_ancient_post":14,"born_in_chaos_v1:black_argillite_brick_n":291,"quark:stripped_oak_post":7,"quark:vertical_dark_oak_planks":416,"securitycraft:reinforced_chain":56,"twilightforest:transformation_sapling":7,"minecraft:glowstone":1,"alexsmobs:animal_dictionary":3,"quark:red_blossom_sapling":1,"minecraft:bone_meal":399},"minecraft:picked_up":{"luminousworld:groundpebbles_1":1,"aether:skyroot_sapling":2,"minecraft:lead":3,"minecraft:leather":24,"minecraft:brown_wool":9,"minecraft:oak_log":1,"supplementaries:flax_seeds":4,"luminousworld:yellowishbrick":1,"minecraft:dirt":211,"minecraft:lantern":2,"supplementaries:statue":3,"luminousworld:white_patterned_ish_bricks":1,"aether:skyroot_stick":4,"minecraft:wheat_seeds":1,"minecraft:beef":43,"minecraft:iron_sword":1,"aether:golden_oak_sapling":6,"minecraft:dark_oak_slab":2,"minecraft:porkchop":12,"minecraft:sand":64,"quark:white_shingles_stairs":1,"minecraft:grass_block":1,"minecraft:rotten_flesh":4,"luminousworld:patterned_ish_bricks":1,"minecraft:granite":9,"cataclysm:the_incinerator":5,"quark:lime_shingles_vertical_slab":1,"alexsmobs:maggot":4,"minecraft:black_wool":14,"minecraft:cobblestone":15},"minecraft:dropped":{"luminousworld:white_patterned_ish_bricks":1,"cataclysm:the_incinerator":5,"minecraft:dark_oak_slab":2,"minecraft:lantern":2,"minecraft:grass_block":1,"quark:lime_shingles_vertical_slab":1,"luminousworld:yellowishbrick":1,"minecraft:beef":18,"luminousworld:patterned_ish_bricks":1},"minecraft:custom":{"minecraft:mob_kills":71,"minecraft:leave_game":6,"minecraft:time_since_death":612256,"minecraft:climb_one_cm":195,"minecraft:time_since_rest":612256,"minecraft:sprint_one_cm":125124,"minecraft:walk_one_cm":953309,"minecraft:drop":32,"minecraft:damage_dealt":8564,"minecraft:swim_one_cm":10157,"minecraft:fly_one_cm":3536531,"minecraft:open_chest":3,"minecraft:crouch_one_cm":152,"minecraft:play_time":612256,"tombstone:undead_killed":1,"minecraft:sneak_time":1055,"minecraft:walk_under_water_one_cm":34103,"tombstone:villager_killed":2,"minecraft:jump":1875,"minecraft:walk_on_water_one_cm":47251,"minecraft:total_world_time":612256}},"DataVersion":3465}