{"stats":{"minecraft:dropped":{"cataclysm:the_incinerator":3,"minecraft:dark_oak_slab":2,"luminousworld:yellowishbrick":1,"minecraft:beef":18,"minecraft:grass_block":1},"minecraft:used":{"minecraft:dark_oak_planks":3,"luminousworld:patterned_ish_bricks":3636,"luminousworld:yellowishbrick":527,"minecraft:water_bucket":222,"twilightforest:mining_leaves":366,"minecraft:quartz_pillar":7,"minecraft:flint_and_steel":3,"alexsmobs:spawn_egg_seal":9,"minecraft:grass_block":7253,"luminousworld:white_patterned_ish_bricks":1412,"eeeabsmobs:immortal_block":4,"minecraft:dark_oak_slab":418,"luminousworld:black_ish_brick":6,"born_in_chaos_v1:black_argillite_brick_n":266,"securitycraft:reinforced_black_concrete":2,"iceandfire:dread_stone_bricks":2,"quark:vertical_dark_oak_planks":399,"luminousworld:black_patterned_ish_bricks":1,"minecraft:glowstone":1,"minecraft:dirt":61,"twilightforest:transformation_leaves":1,"minecraft:tnt":22,"twilightforest:sorting_leaves":45,"minecraft:chiseled_quartz_block":7,"alexsmobs:animal_dictionary":3,"minecraft:ochre_froglight":195,"twilightforest:time_leaves":7},"minecraft:picked_up":{"luminousworld:groundpebbles_1":1,"minecraft:dark_oak_slab":2,"minecraft:brown_wool":9,"minecraft:leather":24,"minecraft:lead":3,"minecraft:porkchop":12,"minecraft:sand":64,"minecraft:oak_log":1,"supplementaries:flax_seeds":4,"luminousworld:yellowishbrick":1,"minecraft:grass_block":1,"minecraft:dirt":211,"minecraft:rotten_flesh":4,"minecraft:wheat_seeds":1,"minecraft:beef":43,"minecraft:granite":9,"cataclysm:the_incinerator":3,"alexsmobs:maggot":4,"minecraft:black_wool":14,"minecraft:iron_sword":1,"minecraft:cobblestone":15},"minecraft:killed":{"minecraft:trader_llama":3,"minecraft:pig":10,"alexsmobs:seal":21,"alexsmobs:fly":5,"minecraft:wandering_trader":2,"enemyexpansion:direwolf":1,"earthmobsmod:wooly_cow":10,"born_in_chaos_v1:zombie_bruiser":1,"minecraft:enderman":2,"earthmobsmod:umbra_cow":14},"minecraft:custom":{"minecraft:time_since_rest":397340,"minecraft:sprint_one_cm":79447,"minecraft:walk_one_cm":624197,"minecraft:mob_kills":69,"minecraft:drop":25,"minecraft:damage_dealt":8107,"minecraft:swim_one_cm":9778,"minecraft:fly_one_cm":2601834,"minecraft:open_chest":1,"minecraft:crouch_one_cm":44,"minecraft:play_time":397340,"tombstone:undead_killed":1,"minecraft:sneak_time":777,"minecraft:walk_under_water_one_cm":26692,"tombstone:villager_killed":2,"minecraft:jump":1023,"minecraft:leave_game":6,"minecraft:time_since_death":397340,"minecraft:walk_on_water_one_cm":44863,"minecraft:total_world_time":397340}},"DataVersion":3465}