{"stats":{"minecraft:killed":{"minecraft:trader_llama":3,"minecraft:pig":8,"alexsmobs:seal":16,"alexsmobs:fly":4,"minecraft:wandering_trader":2,"enemyexpansion:direwolf":1,"earthmobsmod:wooly_cow":8,"earthmobsmod:umbra_cow":5},"minecraft:used":{"luminousworld:patterned_ish_bricks":2496,"luminousworld:yellowishbrick":527,"minecraft:water_bucket":222,"minecraft:flint_and_steel":3,"minecraft:grass_block":7248,"minecraft:dirt":61,"minecraft:tnt":22,"alexsmobs:animal_dictionary":3},"minecraft:picked_up":{"luminousworld:groundpebbles_1":1,"minecraft:leather":16,"minecraft:brown_wool":7,"minecraft:lead":3,"minecraft:porkchop":11,"minecraft:sand":64,"supplementaries:flax_seeds":4,"luminousworld:yellowishbrick":1,"minecraft:grass_block":1,"minecraft:dirt":211,"minecraft:wheat_seeds":1,"minecraft:beef":20,"minecraft:granite":9,"cataclysm:the_incinerator":3,"alexsmobs:maggot":2,"minecraft:black_wool":5,"minecraft:iron_sword":1,"minecraft:cobblestone":15},"minecraft:dropped":{"cataclysm:the_incinerator":3,"luminousworld:yellowishbrick":1,"minecraft:beef":18,"minecraft:grass_block":1},"minecraft:custom":{"minecraft:time_since_rest":259045,"minecraft:sprint_one_cm":45323,"minecraft:walk_one_cm":304927,"minecraft:mob_kills":47,"minecraft:drop":23,"minecraft:damage_dealt":5327,"minecraft:swim_one_cm":9778,"minecraft:fly_one_cm":2237086,"minecraft:open_chest":1,"minecraft:play_time":259045,"minecraft:sneak_time":668,"minecraft:walk_under_water_one_cm":26692,"tombstone:villager_killed":2,"minecraft:jump":383,"minecraft:leave_game":5,"minecraft:walk_on_water_one_cm":44863,"minecraft:time_since_death":259045,"minecraft:total_world_time":259045}},"DataVersion":3465}