{"stats":{"minecraft:dropped":{"minecraft:beef":18},"minecraft:used":{"luminousworld:yellowishbrick":374,"minecraft:water_bucket":222,"minecraft:dirt":61,"minecraft:flint_and_steel":3,"minecraft:tnt":22,"minecraft:grass_block":5878,"alexsmobs:animal_dictionary":3},"minecraft:picked_up":{"luminousworld:groundpebbles_1":1,"minecraft:leather":8,"minecraft:brown_wool":6,"minecraft:wheat_seeds":1,"minecraft:granite":9,"minecraft:beef":18,"minecraft:porkchop":7,"minecraft:sand":64,"supplementaries:flax_seeds":4,"minecraft:black_wool":4,"minecraft:dirt":211,"minecraft:cobblestone":15},"minecraft:killed":{"alexsmobs:seal":5,"alexsmobs:fly":1,"minecraft:pig":4,"earthmobsmod:wooly_cow":7,"earthmobsmod:umbra_cow":4},"minecraft:custom":{"minecraft:open_chest":1,"minecraft:time_since_rest":175619,"minecraft:sprint_one_cm":33269,"minecraft:play_time":175619,"minecraft:walk_one_cm":56924,"minecraft:sneak_time":668,"minecraft:walk_under_water_one_cm":26692,"minecraft:mob_kills":21,"minecraft:drop":18,"minecraft:jump":143,"minecraft:damage_dealt":2157,"minecraft:leave_game":4,"minecraft:walk_on_water_one_cm":44863,"minecraft:time_since_death":175619,"minecraft:total_world_time":175619,"minecraft:swim_one_cm":9778,"minecraft:fly_one_cm":1859590}},"DataVersion":3465}