{"stats":{"minecraft:used":{"luminousworld:yellowishbrick":38,"alexsmobs:animal_dictionary":3,"minecraft:dirt":61,"minecraft:grass_block":4388},"minecraft:picked_up":{"minecraft:beef":3,"minecraft:porkchop":4,"minecraft:black_wool":1},"minecraft:killed":{"minecraft:pig":2,"earthmobsmod:umbra_cow":1},"minecraft:custom":{"minecraft:jump":62,"minecraft:time_since_rest":109619,"minecraft:damage_dealt":537,"minecraft:leave_game":4,"minecraft:play_time":109619,"minecraft:sprint_one_cm":28303,"minecraft:time_since_death":109619,"minecraft:walk_on_water_one_cm":518,"minecraft:walk_one_cm":22016,"minecraft:sneak_time":603,"minecraft:total_world_time":109619,"minecraft:walk_under_water_one_cm":11486,"minecraft:mob_kills":3,"minecraft:swim_one_cm":2859,"minecraft:fly_one_cm":1576920}},"DataVersion":3465}