{"stats":{"minecraft:killed":{"minecraft:trader_llama":3,"minecraft:pig":7,"alexsmobs:seal":13,"alexsmobs:fly":3,"minecraft:wandering_trader":2,"earthmobsmod:wooly_cow":8,"earthmobsmod:umbra_cow":4},"minecraft:used":{"luminousworld:patterned_ish_bricks":1242,"luminousworld:yellowishbrick":527,"minecraft:water_bucket":222,"minecraft:flint_and_steel":3,"minecraft:grass_block":7247,"minecraft:dirt":61,"minecraft:tnt":22,"alexsmobs:animal_dictionary":3},"minecraft:picked_up":{"luminousworld:groundpebbles_1":1,"minecraft:leather":14,"minecraft:brown_wool":7,"minecraft:lead":3,"minecraft:porkchop":10,"minecraft:sand":64,"supplementaries:flax_seeds":4,"luminousworld:yellowishbrick":1,"minecraft:grass_block":1,"minecraft:dirt":211,"minecraft:wheat_seeds":1,"minecraft:beef":19,"minecraft:granite":9,"cataclysm:the_incinerator":3,"alexsmobs:maggot":1,"minecraft:black_wool":4,"minecraft:cobblestone":15},"minecraft:dropped":{"cataclysm:the_incinerator":3,"luminousworld:yellowishbrick":1,"minecraft:beef":18,"minecraft:grass_block":1},"minecraft:custom":{"minecraft:time_since_rest":247045,"minecraft:sprint_one_cm":43727,"minecraft:walk_one_cm":248021,"minecraft:mob_kills":40,"minecraft:drop":23,"minecraft:damage_dealt":4467,"minecraft:swim_one_cm":9778,"minecraft:fly_one_cm":2209335,"minecraft:open_chest":1,"minecraft:play_time":247045,"minecraft:sneak_time":668,"minecraft:walk_under_water_one_cm":26692,"tombstone:villager_killed":2,"minecraft:jump":354,"minecraft:leave_game":5,"minecraft:walk_on_water_one_cm":44863,"minecraft:time_since_death":247045,"minecraft:total_world_time":247045}},"DataVersion":3465}