{"stats":{"minecraft:used":{"alexsmobs:animal_dictionary":3,"minecraft:dirt":61,"minecraft:grass_block":260},"minecraft:custom":{"minecraft:jump":19,"minecraft:time_since_rest":48249,"minecraft:sprint_one_cm":15959,"minecraft:leave_game":2,"minecraft:play_time":48249,"minecraft:time_since_death":48249,"minecraft:walk_on_water_one_cm":490,"minecraft:walk_one_cm":4341,"minecraft:sneak_time":517,"minecraft:total_world_time":48249,"minecraft:walk_under_water_one_cm":9202,"minecraft:swim_one_cm":2859,"minecraft:fly_one_cm":1255965}},"DataVersion":3465}