{"stats":{"minecraft:used":{"alexsmobs:animal_dictionary":3,"minecraft:dirt":61,"minecraft:grass_block":170},"minecraft:custom":{"minecraft:jump":14,"minecraft:time_since_rest":36249,"minecraft:leave_game":2,"minecraft:play_time":36249,"minecraft:time_since_death":36249,"minecraft:walk_on_water_one_cm":490,"minecraft:walk_one_cm":1321,"minecraft:sneak_time":488,"minecraft:total_world_time":36249,"minecraft:walk_under_water_one_cm":9202,"minecraft:swim_one_cm":2859,"minecraft:fly_one_cm":1215913}},"DataVersion":3465}