{"stats":{"minecraft:killed":{"minecraft:pig":10,"alexsmobs:seal":21,"undead_revamp2:the_moonflower":1,"minecraft:spider":1,"luminousworld:sunken_skeleton":1,"minecraft:wandering_trader":3,"enemyexpansion:direwolf":1,"born_in_chaos_v1:zombie_bruiser":2,"earthmobsmod:wooly_cow":10,"earthmobsmod:umbra_cow":14,"minecraft:trader_llama":5,"minecraft:zombie":1,"alexsmobs:fly":8,"minecraft:enderman":3},"minecraft:used":{"minecraft:cherry_sapling":2,"quark:calcite_bricks_stairs":26,"minecraft:yellow_banner":11,"twilightforest:mining_sapling":1,"quark:lime_shingles_vertical_slab":16,"luminousworld:patterned_ish_bricks":3777,"luminousworld:yellowishbrick":527,"minecraft:water_bucket":222,"twilightforest:mining_leaves":525,"minecraft:flint_and_steel":253,"alexsmobs:spawn_egg_seal":9,"quark:white_framed_glass_pane":88,"aether:skyroot_sapling":8,"quark:calcite_bricks":350,"luminousworld:black_ish_brick":6,"eeeabsmobs:immortal_block":4,"iceandfire:dread_stone_bricks":2,"quark:deepslate_tile_vertical_slab":31,"securitycraft:reinforced_glass_pane":2,"luminousworld:black_patterned_ish_bricks":1,"minecraft:dirt":61,"quark:yellow_blossom_sapling":1,"twilightforest:transformation_leaves":1,"minecraft:tnt":22,"born_in_chaos_v1:black_argillite_brick_slab_n":15,"twilightforest:sorting_leaves":45,"quark:lavender_blossom_leaves":12,"quark:framed_glass":365,"quark:lavender_blossom_sapling":1,"minecraft:chiseled_quartz_block":7,"minecraft:ochre_froglight":218,"twilightforest:time_leaves":7,"twilightforest:hollow_oak_sapling":1,"supplementaries:candle_holder_yellow":1,"minecraft:jungle_sapling":54,"minecraft:glass":365,"minecraft:dark_oak_planks":112,"quark:white_shingles_stairs":8,"minecraft:quartz_pillar":7,"minecraft:command_block":2,"minecraft:lantern":21,"minecraft:grass_block":7259,"minecraft:barrier":1326,"born_in_chaos_v1:black_argillite_brick_stairs_n":238,"twilightforest:mangrove_sapling":7,"luminousworld:white_patterned_ish_bricks":1964,"twilightforest:time_sapling":1,"aether:golden_oak_sapling":12,"aether:valkyrie_spawn_egg":5,"minecraft:dark_oak_slab":484,"born_in_chaos_v1:black_argillite_brick_n":291,"quark:stripped_ancient_post":14,"securitycraft:reinforced_black_concrete":2,"quark:stripped_oak_post":7,"quark:vertical_dark_oak_planks":416,"securitycraft:reinforced_chain":163,"twilightforest:transformation_sapling":7,"minecraft:glowstone":1,"alexsmobs:animal_dictionary":3,"quark:red_blossom_sapling":1,"minecraft:bone_meal":399},"minecraft:killed_by":{"minecraft:player":1},"minecraft:picked_up":{"luminousworld:groundpebbles_1":1,"minecraft:barrier":1,"minecraft:leather_chestplate":1,"aether:skyroot_sapling":2,"minecraft:leather_leggings":1,"minecraft:brown_wool":9,"minecraft:leather":24,"minecraft:lead":5,"minecraft:oak_log":2,"tombstone:grave_key":2,"supplementaries:flax_seeds":4,"luminousworld:yellowishbrick":1,"minecraft:string":2,"minecraft:dirt":211,"minecraft:lantern":2,"tombstone:gift":1,"minecraft:flint_and_steel":1,"minecraft:leather_boots":1,"supplementaries:statue":6,"luminousworld:white_patterned_ish_bricks":2,"aether:skyroot_stick":8,"minecraft:wheat_seeds":3,"securitycraft:reinforced_chain":1,"minecraft:beef":43,"minecraft:jungle_sapling":1,"quark:yellow_blossom_sapling":1,"minecraft:iron_sword":1,"aether:golden_oak_sapling":6,"minecraft:dark_oak_slab":2,"minecraft:porkchop":12,"minecraft:sand":64,"minecraft:cookie":5,"tombstone:grave_dust":3,"quark:white_shingles_stairs":1,"minecraft:grass_block":2,"minecraft:leather_helmet":1,"minecraft:yellow_banner":2,"minecraft:rotten_flesh":14,"quark:calcite_bricks":1,"luminousworld:patterned_ish_bricks":1,"minecraft:granite":9,"quark:framed_glass":1,"cataclysm:the_incinerator":13,"quark:lime_shingles_vertical_slab":1,"alexsmobs:maggot":5,"supplementaries:ash":1,"tombstone:magic_scroll":1,"minecraft:black_wool":14,"minecraft:cobblestone":15,"minecraft:ender_pearl":1},"minecraft:dropped":{"luminousworld:white_patterned_ish_bricks":1,"cataclysm:the_incinerator":14,"minecraft:dark_oak_slab":2,"minecraft:lantern":2,"minecraft:grass_block":1,"quark:lime_shingles_vertical_slab":1,"luminousworld:yellowishbrick":1,"minecraft:beef":18,"luminousworld:patterned_ish_bricks":1},"minecraft:custom":{"minecraft:mob_kills":81,"minecraft:leave_game":9,"minecraft:time_since_death":51574,"minecraft:climb_one_cm":195,"minecraft:time_since_rest":49499,"minecraft:sprint_one_cm":154157,"minecraft:damage_taken":226,"minecraft:walk_one_cm":1103748,"minecraft:trigger_trapped_chest":3,"minecraft:drop":41,"minecraft:damage_dealt":14746,"minecraft:swim_one_cm":10157,"minecraft:fly_one_cm":3804552,"minecraft:player_kills":16,"minecraft:open_chest":3,"minecraft:crouch_one_cm":184,"minecraft:play_time":702083,"tombstone:undead_killed":4,"minecraft:deaths":1,"minecraft:sneak_time":1389,"minecraft:walk_under_water_one_cm":34103,"tombstone:villager_killed":3,"minecraft:jump":2107,"minecraft:walk_on_water_one_cm":47251,"minecraft:total_world_time":702083}},"DataVersion":3465}