{"stats":{"minecraft:used":{"luminousworld:yellowishbrick":374,"minecraft:water_bucket":222,"minecraft:dirt":61,"minecraft:flint_and_steel":3,"minecraft:tnt":22,"minecraft:grass_block":5675,"alexsmobs:animal_dictionary":3},"minecraft:picked_up":{"luminousworld:groundpebbles_1":1,"minecraft:leather":2,"minecraft:brown_wool":2,"minecraft:wheat_seeds":1,"minecraft:granite":9,"minecraft:beef":6,"minecraft:porkchop":6,"minecraft:sand":64,"supplementaries:flax_seeds":4,"minecraft:black_wool":1,"minecraft:dirt":211,"minecraft:cobblestone":15},"minecraft:killed":{"alexsmobs:fly":1,"minecraft:pig":3,"earthmobsmod:wooly_cow":3,"earthmobsmod:umbra_cow":1},"minecraft:custom":{"minecraft:open_chest":1,"minecraft:time_since_rest":145619,"minecraft:sprint_one_cm":28303,"minecraft:play_time":145619,"minecraft:walk_one_cm":23032,"minecraft:sneak_time":668,"minecraft:walk_under_water_one_cm":26692,"minecraft:mob_kills":8,"minecraft:jump":88,"minecraft:damage_dealt":877,"minecraft:leave_game":4,"minecraft:walk_on_water_one_cm":44863,"minecraft:time_since_death":145619,"minecraft:total_world_time":145619,"minecraft:swim_one_cm":9778,"minecraft:fly_one_cm":1737025}},"DataVersion":3465}