{"stats":{"minecraft:mined":{"minecraft:kelp_plant":1,"minecraft:yellow_banner":1},"minecraft:used":{"supplementaries:wind_vane":1,"alexscaves:depth_glass":8,"luminousworld:patterned_ish_bricks":311,"quark:duskbound_lantern":1,"minecraft:torchflower":4,"aether:berry_bush_stem":6,"quark:white_framed_glass_pane":2,"supplementaries:netherite_door":2,"born_in_chaos_v1:intoxicating_decoction":1,"quark:hollow_birch_log":1,"minecraft:decorated_pot":1,"minecraft:tinted_glass":5,"earthmobsmod:ruby_block":6,"quark:paper_lantern":1,"twilightforest:canopy_sapling":5,"quark:mud_brick_lattice":4,"born_in_chaos_v1:black_argillite_stairs_n":4,"quark:paper_wall_big":9,"elevatorid:elevator_white":16,"minecraft:dirt":310,"quark:stone_brick_lamp":3,"minecraft:carrot":1,"quark:framed_glass":3,"quark:paper_wall_sakura":23,"quark:paper_wall":7,"securitycraft:blast_furnace_mine":6,"born_in_chaos_v1:corpse_maggot":1,"minecraft:glass":2,"quark:stripped_spruce_post":42,"minecraft:dark_oak_planks":488,"supplementaries:pedestal":5,"quark:stone_lamp":2,"luminousworld:decorative_gb_1":3,"alexscaves:radon_lamp_red":2,"iceandfire:dragonbone_sword_fire":31,"quark:gold_bars":6,"minecraft:barrier":833,"born_in_chaos_v1:black_argillite_brick_stairs_n":233,"tombstone:magic_scroll":21,"luminousworld:white_patterned_ish_bricks":578,"minecraft:dark_oak_slab":101,"quark:paper_lantern_sakura":4,"supplementaries:iron_gate":15,"ironchest:trapped_crystal_chest":1,"quark:vertical_dark_oak_planks":123,"elevatorid:elevator_red":11,"quark:blaze_lantern":7,"quark:black_stool":5,"supplementaries:bomb_blue":18,"quark:apple_crate":2,"aether:phoenix_bow":21,"securitycraft:reinforced_glass":3,"minecraft:white_stained_glass":4,"tombstone:gift":7,"supplementaries:bamboo_spikes_tipped":2,"minecraft:egg":6,"supplementaries:statue":18,"minecraft:bone_meal":182,"quark:egg_parrot_red_blue":7,"born_in_chaos_v1:lord_pumpkinheads_lamp":2},"minecraft:crafted":{"minecraft:bone_meal":6,"minecraft:jungle_planks":8,"minecraft:stick":4},"minecraft:killed_by":{"minecraft:player":17,"minecraft:spider":1,"minecraft:zombie":1,"aether:valkyrie":1,"enemyexpansion:direwolf":1,"born_in_chaos_v1:barrel_zombie":1,"alexsmobs:cachalot_whale":2},"minecraft:dropped":{"minecraft:enchanted_book":1,"minecraft:kelp":1,"twilightforest:canopy_sapling":1,"alexsmobs:animal_dictionary":1,"quark:egg_parrot_red_blue":2,"quark:white_shingles_stairs":1,"cataclysm:the_incinerator":1,"iceandfire:dragonbone_sword_fire":1,"minecraft:leather":1,"sophisticatedbackpacks:backpack":1,"tombstone:grave_key":5,"minecraft:brown_wool":1,"minecraft:bone_meal":2,"cataclysm:meat_shredder":1,"minecraft:beef":2,"quark:black_stool":1,"quark:apple_crate":1,"aether:berry_bush_stem":1},"minecraft:picked_up":{"born_in_chaos_v1:corpse_maggot":3,"minecraft:barrier":1,"minecraft:leather_chestplate":1,"minecraft:feather":10,"minecraft:cooked_beef":2,"minecraft:jungle_log":2,"minecraft:salmon":1,"minecraft:leather_leggings":1,"minecraft:leather":5,"minecraft:brown_wool":2,"aether:phoenix_bow":1,"tombstone:grave_key":2,"tombstone:voodoo_poppet":1,"cataclysm:meat_shredder":2,"minecraft:flint_and_steel":1,"born_in_chaos_v1:intoxicating_decoction":2,"supplementaries:statue":11,"minecraft:hanging_roots":1,"minecraft:bone":3,"minecraft:kelp":2,"aether:skyroot_stick":1,"minecraft:wheat_seeds":1,"minecraft:small_dripleaf":1,"minecraft:bucket":2,"minecraft:iron_ingot":28,"minecraft:beef":2,"quark:stripped_ancient_post":1,"minecraft:glass_bottle":1,"quark:yellow_blossom_sapling":1,"quark:apple_crate":1,"minecraft:egg":1,"quark:egg_parrot_red_blue":1,"quark:black_stool":1,"sophisticatedbackpacks:backpack":2,"minecraft:porkchop":3,"tombstone:grave_dust":2,"minecraft:carrot":1,"minecraft:leather_helmet":1,"minecraft:arrow":2,"minecraft:rotten_flesh":10,"quark:calcite_bricks":1,"luminousworld:patterned_ish_bricks":2,"minecraft:bone_meal":1,"cataclysm:the_incinerator":3,"quark:framed_glass":1,"minecraft:cod":1},"minecraft:killed":{"born_in_chaos_v1:barrel_zombie":1,"minecraft:parrot":6,"minecraft:pig":1,"born_in_chaos_v1:baby_skeleton":1,"luminousworld:sunken_skeleton":1,"earthmobsmod:wooly_cow":1,"born_in_chaos_v1:maggot":3,"alexsmobs:orca":1,"minecraft:zombie":3,"alexsmobs:cachalot_whale":1},"minecraft:custom":{"minecraft:mob_kills":21,"minecraft:damage_dealt_resisted":10,"minecraft:leave_game":8,"minecraft:time_since_death":9581,"minecraft:climb_one_cm":10101,"minecraft:time_since_rest":7182,"minecraft:sprint_one_cm":225757,"minecraft:damage_taken":7170,"minecraft:walk_one_cm":471744,"minecraft:trigger_trapped_chest":2,"minecraft:drop":25,"minecraft:damage_dealt":3937,"minecraft:swim_one_cm":51208,"minecraft:fly_one_cm":1101820,"minecraft:player_kills":1,"minecraft:crouch_one_cm":56961,"minecraft:play_time":232362,"tombstone:undead_killed":5,"minecraft:deaths":30,"minecraft:sneak_time":18009,"minecraft:walk_under_water_one_cm":56041,"tombstone:tomb_raiding":1,"minecraft:jump":1913,"minecraft:walk_on_water_one_cm":32778,"minecraft:total_world_time":232362,"minecraft:fall_one_cm":6270}},"DataVersion":3465}