{"stats":{"minecraft:dropped":{"minecraft:leather":1,"minecraft:beef":2,"alexsmobs:animal_dictionary":1,"minecraft:brown_wool":1},"minecraft:used":{"quark:stripped_spruce_post":24,"born_in_chaos_v1:black_argillite_stairs_n":2,"luminousworld:patterned_ish_bricks":309,"born_in_chaos_v1:black_argillite_brick_stairs_n":1,"quark:hollow_birch_log":1,"luminousworld:white_patterned_ish_bricks":1,"quark:vertical_dark_oak_planks":122},"minecraft:picked_up":{"minecraft:brown_wool":1,"minecraft:leather":1,"minecraft:porkchop":3,"minecraft:beef":2},"minecraft:killed":{"minecraft:pig":1,"earthmobsmod:wooly_cow":1},"minecraft:custom":{"minecraft:time_since_rest":17727,"minecraft:crouch_one_cm":1580,"minecraft:play_time":17727,"minecraft:sprint_one_cm":19725,"minecraft:walk_one_cm":55429,"minecraft:sneak_time":563,"minecraft:mob_kills":2,"minecraft:drop":5,"minecraft:jump":255,"minecraft:damage_dealt":130,"minecraft:time_since_death":17727,"minecraft:total_world_time":17727,"minecraft:fly_one_cm":85916,"minecraft:fall_one_cm":1256}},"DataVersion":3465}