{"stats":{"minecraft:dropped":{"minecraft:leather":1,"minecraft:beef":2,"alexsmobs:animal_dictionary":1,"quark:white_shingles_stairs":1,"quark:apple_crate":1,"minecraft:brown_wool":1},"minecraft:used":{"quark:blaze_lantern":7,"quark:stripped_spruce_post":42,"born_in_chaos_v1:black_argillite_stairs_n":4,"luminousworld:patterned_ish_bricks":310,"quark:duskbound_lantern":1,"quark:stone_lamp":2,"quark:apple_crate":2,"quark:stone_brick_lamp":3,"born_in_chaos_v1:black_argillite_brick_stairs_n":229,"quark:hollow_birch_log":1,"luminousworld:white_patterned_ish_bricks":2,"earthmobsmod:ruby_block":6,"quark:vertical_dark_oak_planks":122,"quark:mud_brick_lattice":4},"minecraft:picked_up":{"minecraft:brown_wool":1,"minecraft:leather":1,"minecraft:porkchop":3,"minecraft:beef":2,"quark:apple_crate":1},"minecraft:killed":{"minecraft:pig":1,"earthmobsmod:wooly_cow":1},"minecraft:custom":{"minecraft:time_since_rest":29727,"minecraft:crouch_one_cm":1580,"minecraft:play_time":29727,"minecraft:sprint_one_cm":24941,"minecraft:walk_one_cm":106783,"minecraft:sneak_time":563,"minecraft:mob_kills":2,"minecraft:drop":7,"minecraft:jump":272,"minecraft:damage_dealt":130,"minecraft:time_since_death":29727,"minecraft:total_world_time":29727,"minecraft:fly_one_cm":110911,"minecraft:fall_one_cm":1256}},"DataVersion":3465}