{"stats":{"minecraft:dropped":{"alexsmobs:animal_dictionary":1,"quark:white_shingles_stairs":1,"minecraft:brown_wool":1,"minecraft:leather":1,"minecraft:beef":2,"quark:apple_crate":1},"minecraft:used":{"supplementaries:wind_vane":1,"quark:stripped_spruce_post":42,"luminousworld:patterned_ish_bricks":311,"minecraft:dark_oak_planks":488,"quark:duskbound_lantern":1,"quark:stone_lamp":2,"supplementaries:netherite_door":2,"born_in_chaos_v1:black_argillite_brick_stairs_n":233,"luminousworld:white_patterned_ish_bricks":468,"quark:hollow_birch_log":1,"minecraft:dark_oak_slab":101,"earthmobsmod:ruby_block":6,"quark:vertical_dark_oak_planks":122,"quark:mud_brick_lattice":4,"quark:blaze_lantern":7,"supplementaries:bomb_blue":18,"born_in_chaos_v1:black_argillite_stairs_n":4,"quark:apple_crate":2,"quark:stone_brick_lamp":3},"minecraft:picked_up":{"minecraft:leather":1,"minecraft:brown_wool":1,"minecraft:porkchop":3,"minecraft:beef":2,"quark:apple_crate":1},"minecraft:killed":{"minecraft:pig":1,"earthmobsmod:wooly_cow":1},"minecraft:custom":{"minecraft:time_since_rest":71727,"minecraft:sprint_one_cm":32421,"minecraft:walk_one_cm":138539,"minecraft:mob_kills":2,"minecraft:drop":7,"minecraft:damage_dealt":166,"minecraft:swim_one_cm":17139,"minecraft:fly_one_cm":358619,"minecraft:crouch_one_cm":11272,"minecraft:play_time":71727,"minecraft:sneak_time":3814,"minecraft:walk_under_water_one_cm":4005,"minecraft:jump":360,"minecraft:time_since_death":71727,"minecraft:walk_on_water_one_cm":3695,"minecraft:total_world_time":71727,"minecraft:fall_one_cm":1256}},"DataVersion":3465}