{"stats":{"minecraft:dropped":{"alexsmobs:animal_dictionary":1,"minecraft:leather":1,"minecraft:brown_wool":1,"minecraft:beef":2},"minecraft:used":{"luminousworld:patterned_ish_bricks":75,"luminousworld:white_patterned_ish_bricks":1},"minecraft:picked_up":{"minecraft:beef":2,"minecraft:leather":1,"minecraft:brown_wool":1},"minecraft:killed":{"earthmobsmod:wooly_cow":1},"minecraft:custom":{"minecraft:jump":130,"minecraft:time_since_rest":5727,"minecraft:damage_dealt":110,"minecraft:crouch_one_cm":16,"minecraft:sprint_one_cm":9607,"minecraft:play_time":5727,"minecraft:time_since_death":5727,"minecraft:walk_one_cm":17086,"minecraft:sneak_time":3,"minecraft:total_world_time":5727,"minecraft:mob_kills":1,"minecraft:drop":5,"minecraft:fall_one_cm":1256,"minecraft:fly_one_cm":34916}},"DataVersion":3465}