{"stats":{"minecraft:killed":{"minecraft:parrot":6,"minecraft:pig":1,"earthmobsmod:wooly_cow":1},"minecraft:used":{"supplementaries:wind_vane":1,"alexscaves:depth_glass":8,"luminousworld:patterned_ish_bricks":311,"quark:duskbound_lantern":1,"minecraft:torchflower":4,"aether:berry_bush_stem":6,"quark:white_framed_glass_pane":2,"supplementaries:netherite_door":2,"quark:hollow_birch_log":1,"minecraft:decorated_pot":1,"minecraft:tinted_glass":5,"earthmobsmod:ruby_block":6,"quark:paper_lantern":1,"twilightforest:canopy_sapling":5,"quark:mud_brick_lattice":4,"born_in_chaos_v1:black_argillite_stairs_n":4,"quark:paper_wall_big":9,"elevatorid:elevator_white":16,"minecraft:dirt":310,"quark:stone_brick_lamp":3,"quark:framed_glass":3,"quark:paper_wall_sakura":23,"quark:paper_wall":7,"securitycraft:blast_furnace_mine":6,"minecraft:glass":2,"quark:stripped_spruce_post":42,"minecraft:dark_oak_planks":488,"supplementaries:pedestal":5,"quark:stone_lamp":2,"luminousworld:decorative_gb_1":3,"alexscaves:radon_lamp_red":2,"iceandfire:dragonbone_sword_fire":31,"quark:gold_bars":6,"minecraft:barrier":833,"born_in_chaos_v1:black_argillite_brick_stairs_n":233,"luminousworld:white_patterned_ish_bricks":578,"minecraft:dark_oak_slab":101,"quark:paper_lantern_sakura":4,"supplementaries:iron_gate":15,"quark:vertical_dark_oak_planks":123,"ironchest:trapped_crystal_chest":1,"elevatorid:elevator_red":11,"quark:blaze_lantern":7,"quark:black_stool":5,"supplementaries:bomb_blue":18,"quark:apple_crate":2,"securitycraft:reinforced_glass":3,"minecraft:white_stained_glass":4,"supplementaries:bamboo_spikes_tipped":2,"tombstone:gift":5,"supplementaries:statue":18,"minecraft:egg":6,"minecraft:bone_meal":182,"quark:egg_parrot_red_blue":7,"born_in_chaos_v1:lord_pumpkinheads_lamp":2},"minecraft:killed_by":{"minecraft:player":7,"aether:valkyrie":1,"alexsmobs:cachalot_whale":1},"minecraft:picked_up":{"minecraft:feather":10,"minecraft:leather":1,"minecraft:brown_wool":1,"supplementaries:statue":8,"minecraft:kelp":1,"aether:skyroot_stick":1,"minecraft:beef":2,"quark:apple_crate":1,"minecraft:egg":1,"quark:egg_parrot_red_blue":1,"quark:black_stool":1,"minecraft:porkchop":3,"minecraft:bone_meal":1},"minecraft:mined":{"minecraft:kelp_plant":1,"minecraft:yellow_banner":1},"minecraft:dropped":{"minecraft:enchanted_book":1,"minecraft:kelp":1,"twilightforest:canopy_sapling":1,"alexsmobs:animal_dictionary":1,"quark:egg_parrot_red_blue":2,"quark:white_shingles_stairs":1,"iceandfire:dragonbone_sword_fire":1,"minecraft:leather":1,"minecraft:brown_wool":1,"minecraft:bone_meal":2,"minecraft:beef":2,"quark:black_stool":1,"aether:berry_bush_stem":1,"quark:apple_crate":1},"minecraft:custom":{"minecraft:mob_kills":8,"minecraft:leave_game":4,"minecraft:time_since_death":304,"minecraft:climb_one_cm":2069,"minecraft:time_since_rest":1,"minecraft:sprint_one_cm":123933,"minecraft:walk_one_cm":306245,"minecraft:damage_taken":2448,"minecraft:trigger_trapped_chest":2,"minecraft:drop":17,"minecraft:damage_dealt":1879,"minecraft:swim_one_cm":21636,"minecraft:fly_one_cm":760125,"minecraft:crouch_one_cm":55830,"minecraft:play_time":168204,"minecraft:deaths":9,"minecraft:sneak_time":17396,"minecraft:walk_under_water_one_cm":28529,"minecraft:jump":1164,"minecraft:walk_on_water_one_cm":13983,"minecraft:total_world_time":168204,"minecraft:fall_one_cm":1674}},"DataVersion":3465}