{"stats":{"minecraft:killed":{"minecraft:parrot":6,"minecraft:pig":1,"earthmobsmod:wooly_cow":1},"minecraft:used":{"supplementaries:wind_vane":1,"luminousworld:patterned_ish_bricks":311,"quark:duskbound_lantern":1,"minecraft:torchflower":4,"aether:berry_bush_stem":6,"quark:white_framed_glass_pane":2,"supplementaries:netherite_door":2,"minecraft:decorated_pot":1,"quark:hollow_birch_log":1,"minecraft:tinted_glass":5,"earthmobsmod:ruby_block":6,"quark:paper_lantern":1,"twilightforest:canopy_sapling":5,"quark:mud_brick_lattice":4,"born_in_chaos_v1:black_argillite_stairs_n":4,"quark:paper_wall_big":9,"quark:stone_brick_lamp":3,"quark:framed_glass":3,"quark:paper_wall_sakura":23,"quark:paper_wall":7,"minecraft:glass":2,"quark:stripped_spruce_post":42,"supplementaries:pedestal":5,"minecraft:dark_oak_planks":488,"quark:stone_lamp":2,"iceandfire:dragonbone_sword_fire":31,"quark:gold_bars":6,"minecraft:barrier":717,"born_in_chaos_v1:black_argillite_brick_stairs_n":233,"luminousworld:white_patterned_ish_bricks":469,"minecraft:dark_oak_slab":101,"supplementaries:iron_gate":15,"quark:paper_lantern_sakura":4,"quark:vertical_dark_oak_planks":123,"elevatorid:elevator_red":11,"quark:blaze_lantern":7,"quark:black_stool":5,"supplementaries:bomb_blue":18,"quark:apple_crate":2,"securitycraft:reinforced_glass":3,"minecraft:white_stained_glass":4,"tombstone:gift":1,"supplementaries:bamboo_spikes_tipped":2,"supplementaries:statue":18,"minecraft:bone_meal":182,"quark:egg_parrot_red_blue":7},"minecraft:killed_by":{"alexsmobs:cachalot_whale":1},"minecraft:picked_up":{"minecraft:feather":10,"minecraft:leather":1,"minecraft:brown_wool":1,"supplementaries:statue":8,"aether:skyroot_stick":1,"minecraft:kelp":1,"minecraft:beef":2,"quark:apple_crate":1,"quark:egg_parrot_red_blue":1,"quark:black_stool":1,"minecraft:porkchop":3,"minecraft:bone_meal":1},"minecraft:mined":{"minecraft:kelp_plant":1},"minecraft:dropped":{"minecraft:enchanted_book":1,"minecraft:kelp":1,"twilightforest:canopy_sapling":1,"alexsmobs:animal_dictionary":1,"quark:egg_parrot_red_blue":2,"quark:white_shingles_stairs":1,"iceandfire:dragonbone_sword_fire":1,"minecraft:leather":1,"minecraft:brown_wool":1,"minecraft:bone_meal":2,"minecraft:beef":2,"quark:black_stool":1,"aether:berry_bush_stem":1,"quark:apple_crate":1},"minecraft:custom":{"minecraft:mob_kills":8,"minecraft:leave_game":3,"minecraft:time_since_death":42591,"minecraft:climb_one_cm":2069,"minecraft:time_since_rest":41514,"minecraft:sprint_one_cm":69456,"minecraft:walk_one_cm":236453,"minecraft:damage_taken":320,"minecraft:drop":17,"minecraft:damage_dealt":1745,"minecraft:swim_one_cm":20921,"minecraft:fly_one_cm":602266,"minecraft:crouch_one_cm":41168,"minecraft:play_time":132597,"minecraft:deaths":1,"minecraft:sneak_time":13870,"minecraft:walk_under_water_one_cm":12588,"minecraft:jump":768,"minecraft:walk_on_water_one_cm":12455,"minecraft:total_world_time":132597,"minecraft:fall_one_cm":1256}},"DataVersion":3465}