{"stats":{"minecraft:killed":{"minecraft:parrot":6,"minecraft:pig":1,"earthmobsmod:wooly_cow":1},"minecraft:used":{"supplementaries:wind_vane":1,"supplementaries:pedestal":5,"minecraft:glass":2,"quark:stripped_spruce_post":42,"luminousworld:patterned_ish_bricks":311,"minecraft:dark_oak_planks":488,"quark:duskbound_lantern":1,"quark:stone_lamp":2,"aether:berry_bush_stem":6,"iceandfire:dragonbone_sword_fire":31,"quark:white_framed_glass_pane":2,"supplementaries:netherite_door":2,"born_in_chaos_v1:black_argillite_brick_stairs_n":233,"quark:hollow_birch_log":1,"luminousworld:white_patterned_ish_bricks":468,"minecraft:tinted_glass":3,"minecraft:dark_oak_slab":101,"earthmobsmod:ruby_block":6,"twilightforest:canopy_sapling":5,"quark:vertical_dark_oak_planks":122,"quark:mud_brick_lattice":4,"quark:blaze_lantern":7,"supplementaries:bomb_blue":18,"born_in_chaos_v1:black_argillite_stairs_n":4,"quark:apple_crate":2,"quark:stone_brick_lamp":3,"securitycraft:reinforced_glass":3,"minecraft:white_stained_glass":4,"quark:framed_glass":3,"tombstone:gift":1,"supplementaries:statue":18,"minecraft:bone_meal":182,"quark:egg_parrot_red_blue":7},"minecraft:killed_by":{"alexsmobs:cachalot_whale":1},"minecraft:picked_up":{"quark:egg_parrot_red_blue":1,"minecraft:feather":10,"minecraft:brown_wool":1,"minecraft:leather":1,"minecraft:porkchop":3,"supplementaries:statue":8,"minecraft:kelp":1,"aether:skyroot_stick":1,"minecraft:beef":2,"minecraft:bone_meal":1,"quark:apple_crate":1},"minecraft:mined":{"minecraft:kelp_plant":1},"minecraft:dropped":{"minecraft:enchanted_book":1,"minecraft:kelp":1,"quark:egg_parrot_red_blue":2,"twilightforest:canopy_sapling":1,"alexsmobs:animal_dictionary":1,"quark:white_shingles_stairs":1,"minecraft:brown_wool":1,"iceandfire:dragonbone_sword_fire":1,"minecraft:bone_meal":2,"minecraft:leather":1,"minecraft:beef":2,"aether:berry_bush_stem":1,"quark:apple_crate":1},"minecraft:custom":{"minecraft:time_since_rest":5514,"minecraft:sprint_one_cm":46743,"minecraft:damage_taken":320,"minecraft:walk_one_cm":187382,"minecraft:mob_kills":8,"minecraft:drop":16,"minecraft:damage_dealt":1745,"minecraft:swim_one_cm":20921,"minecraft:fly_one_cm":549199,"minecraft:crouch_one_cm":12611,"minecraft:play_time":96597,"minecraft:deaths":1,"minecraft:sneak_time":6185,"minecraft:walk_under_water_one_cm":12588,"minecraft:jump":518,"minecraft:leave_game":3,"minecraft:walk_on_water_one_cm":12455,"minecraft:time_since_death":6591,"minecraft:climb_one_cm":1809,"minecraft:total_world_time":96597,"minecraft:fall_one_cm":1256}},"DataVersion":3465}