{"stats":{"minecraft:killed":{"minecraft:parrot":4,"minecraft:pig":1,"earthmobsmod:wooly_cow":1},"minecraft:used":{"supplementaries:wind_vane":1,"minecraft:glass":2,"quark:stripped_spruce_post":42,"luminousworld:patterned_ish_bricks":311,"minecraft:dark_oak_planks":488,"quark:duskbound_lantern":1,"quark:stone_lamp":2,"aether:berry_bush_stem":2,"iceandfire:dragonbone_sword_fire":4,"quark:white_framed_glass_pane":2,"supplementaries:netherite_door":2,"born_in_chaos_v1:black_argillite_brick_stairs_n":233,"quark:hollow_birch_log":1,"luminousworld:white_patterned_ish_bricks":468,"minecraft:tinted_glass":3,"minecraft:dark_oak_slab":101,"earthmobsmod:ruby_block":6,"quark:vertical_dark_oak_planks":122,"quark:mud_brick_lattice":4,"quark:blaze_lantern":7,"supplementaries:bomb_blue":18,"born_in_chaos_v1:black_argillite_stairs_n":4,"quark:apple_crate":2,"quark:stone_brick_lamp":3,"securitycraft:reinforced_glass":3,"minecraft:white_stained_glass":4,"quark:framed_glass":3,"quark:egg_parrot_red_blue":7},"minecraft:picked_up":{"minecraft:feather":7,"minecraft:brown_wool":1,"minecraft:leather":1,"minecraft:porkchop":3,"aether:skyroot_stick":1,"minecraft:beef":2,"quark:apple_crate":1},"minecraft:dropped":{"alexsmobs:animal_dictionary":1,"quark:white_shingles_stairs":1,"minecraft:brown_wool":1,"minecraft:leather":1,"minecraft:beef":2,"quark:apple_crate":1},"minecraft:custom":{"minecraft:time_since_rest":85381,"minecraft:sprint_one_cm":39685,"minecraft:walk_one_cm":166229,"minecraft:mob_kills":6,"minecraft:drop":7,"minecraft:damage_dealt":406,"minecraft:swim_one_cm":17139,"minecraft:fly_one_cm":402282,"minecraft:crouch_one_cm":12611,"minecraft:play_time":85381,"minecraft:sneak_time":6185,"minecraft:walk_under_water_one_cm":4005,"minecraft:jump":456,"minecraft:leave_game":1,"minecraft:walk_on_water_one_cm":3695,"minecraft:time_since_death":85381,"minecraft:climb_one_cm":1809,"minecraft:total_world_time":85381,"minecraft:fall_one_cm":1256}},"DataVersion":3465}