{
  "tombstone:adventure/easter": {
    "criteria": {
      "coded_trigger": "2025-04-18 04:20:12 +0000"
    },
    "done": true
  },
  "explorerscompass:explorers_compass_cracked_stone_bricks": {
    "criteria": {
      "has_recipe": "2025-04-18 04:20:12 +0000"
    },
    "done": true
  },
  "friendsandfoes:misc/yellow_dye_from_buttercup": {
    "criteria": {
      "has_the_recipe": "2025-04-18 04:20:12 +0000"
    },
    "done": true
  },
  "naturescompass:natures_compass_log": {
    "criteria": {
      "has_recipe": "2025-04-18 04:20:12 +0000"
    },
    "done": true
  },
  "naturescompass:natures_compass": {
    "criteria": {
      "has_recipe": "2025-04-18 04:20:12 +0000"
    },
    "done": true
  },
  "naturescompass:natures_compass_sapling": {
    "criteria": {
      "has_recipe": "2025-04-18 04:20:12 +0000"
    },
    "done": true
  },
  "explorerscompass:explorers_compass_cobweb": {
    "criteria": {
      "has_recipe": "2025-04-18 04:20:12 +0000"
    },
    "done": true
  },
  "explorerscompass:explorers_compass": {
    "criteria": {
      "has_recipe": "2025-04-18 04:20:12 +0000"
    },
    "done": true
  },
  "iceandfire:iceandfire/root": {
    "criteria": {
      "tick": "2025-04-18 04:20:13 +0000"
    },
    "done": true
  },
  "takesapillage:root": {
    "criteria": {
      "always": "2025-04-18 04:20:13 +0000"
    },
    "done": true
  },
  "dungeons_arise:wda_root": {
    "criteria": {
      "WDA": "2025-04-18 04:20:13 +0000"
    },
    "done": true
  },
  "undead_revamp2:theundeadchallenges": {
    "criteria": {
      "theundeadchallenges": "2025-04-18 04:20:13 +0000"
    },
    "done": true
  },
  "mowziesmobs:root": {
    "criteria": {
      "custom_test_name": "2025-04-18 04:20:13 +0000"
    },
    "done": true
  },
  "betterdungeons:root": {
    "criteria": {
      "always": "2025-04-18 04:20:13 +0000"
    },
    "done": true
  },
  "placeablesmod:placeables": {
    "criteria": {
      "placeables": "2025-04-18 04:20:13 +0000"
    },
    "done": true
  },
  "eeeabsmobs:eeeabsmobs/root": {
    "criteria": {
      "requirement": "2025-04-18 04:20:13 +0000"
    },
    "done": true
  },
  "betterdeserttemples:root": {
    "criteria": {
      "always": "2025-04-18 04:20:13 +0000"
    },
    "done": true
  },
  "cataclysm:root": {
    "criteria": {
      "custom_test_name": "2025-04-18 04:20:13 +0000"
    },
    "done": true
  },
  "incendium:technical/new_player": {
    "criteria": {
      "requirement": "2025-04-18 04:20:13 +0000"
    },
    "done": true
  },
  "incendium:technical/scroll_of_returning": {
    "criteria": {
      "log_spam_fixer": "2025-04-18 04:20:14 +0000"
    },
    "done": false
  },
  "incendium:technical/using/ragnarok": {
    "criteria": {
      "log_spam_fixer": "2025-04-18 04:20:14 +0000"
    },
    "done": false
  },
  "incendium:technical/using/trailblazer": {
    "criteria": {
      "log_spam_fixer": "2025-04-18 04:20:14 +0000"
    },
    "done": false
  },
  "minecraft:adventure/adventuring_time": {
    "criteria": {
      "minecraft:old_growth_pine_taiga": "2025-04-20 20:45:09 +0000",
      "minecraft:taiga": "2025-04-20 20:44:04 +0000",
      "minecraft:birch_forest": "2025-04-20 20:39:51 +0000",
      "minecraft:windswept_hills": "2025-04-20 20:41:03 +0000",
      "minecraft:beach": "2025-04-20 20:47:20 +0000",
      "minecraft:dark_forest": "2025-04-20 20:39:48 +0000",
      "minecraft:river": "2025-04-20 20:35:20 +0000",
      "minecraft:stony_shore": "2025-04-23 20:30:26 +0000",
      "minecraft:swamp": "2025-04-20 20:40:20 +0000",
      "minecraft:cold_ocean": "2025-04-20 20:47:22 +0000",
      "minecraft:forest": "2025-04-20 20:38:04 +0000",
      "minecraft:deep_cold_ocean": "2025-04-20 20:47:34 +0000",
      "minecraft:ocean": "2025-04-22 21:28:46 +0000",
      "minecraft:old_growth_spruce_taiga": "2025-04-20 20:44:47 +0000",
      "minecraft:old_growth_birch_forest": "2025-04-20 20:39:25 +0000",
      "minecraft:meadow": "2025-04-20 20:46:23 +0000",
      "minecraft:plains": "2025-04-18 04:20:14 +0000"
    },
    "done": false
  },
  "incendium:technical/using/shield": {
    "criteria": {
      "log_spam_fixer": "2025-04-18 04:20:14 +0000"
    },
    "done": false
  },
  "tombstone:adventure/root": {
    "criteria": {
      "auto": "2025-04-18 04:20:14 +0000"
    },
    "done": true
  },
  "alexsmobs:alexsmobs/root": {
    "criteria": {
      "useitem": "2025-04-20 20:37:34 +0000"
    },
    "done": true
  },
  "minecraft:husbandry/root": {
    "criteria": {
      "consumed_item": "2025-04-20 20:37:34 +0000"
    },
    "done": true
  },
  "alexscaves:alexscaves/discover_primordial_caves": {
    "criteria": {
      "discover": "2025-04-20 20:45:23 +0000"
    },
    "done": true
  },
  "mutantmonsters:root": {
    "criteria": {
      "killed_something": "2025-04-23 01:14:06 +0000"
    },
    "done": true
  },
  "minecraft:adventure/root": {
    "criteria": {
      "killed_something": "2025-04-23 01:14:06 +0000"
    },
    "done": true
  },
  "tombstone:adventure/create_magic_tablet": {
    "criteria": {
      "has_magic_tablet": "2025-04-23 02:27:13 +0000"
    },
    "done": true
  },
  "tombstone:adventure/create_magic_scroll": {
    "criteria": {
      "has_magic_scroll": "2025-04-23 02:27:19 +0000"
    },
    "done": true
  },
  "minecraft:story/mine_stone": {
    "criteria": {
      "get_stone": "2025-04-23 02:30:58 +0000"
    },
    "done": true
  },
  "tombstone:adventure/neighborhood_brawl": {
    "criteria": {
      "coded_trigger": "2025-04-23 03:07:12 +0000"
    },
    "done": true
  },
  "tombstone:adventure/first_knowledge": {
    "criteria": {
      "coded_trigger": "2025-04-23 03:07:12 +0000"
    },
    "done": true
  },
  "twilightforest:arborist": {
    "criteria": {
      "transformation_leaves": "2025-04-23 20:42:43 +0000",
      "transformation_sapling": "2025-04-24 01:26:19 +0000",
      "mangrove_sapling": "2025-04-24 01:26:14 +0000",
      "time_leaves": "2025-04-23 20:42:03 +0000",
      "time_sapling": "2025-04-24 01:26:16 +0000",
      "hollow_oak_sapling": "2025-04-24 01:26:26 +0000",
      "sorting_leaves": "2025-04-23 20:43:56 +0000",
      "mining_sapling": "2025-04-24 01:26:22 +0000",
      "mining_leaves": "2025-04-23 20:43:01 +0000"
    },
    "done": false
  },
  "minecraft:adventure/kill_all_mobs": {
    "criteria": {
      "minecraft:spider": "2025-04-24 06:08:07 +0000",
      "minecraft:enderman": "2025-04-23 21:25:34 +0000",
      "minecraft:zombie": "2025-04-24 03:48:34 +0000"
    },
    "done": false
  },
  "minecraft:adventure/kill_a_mob": {
    "criteria": {
      "minecraft:enderman": "2025-04-23 21:25:34 +0000"
    },
    "done": true
  },
  "quark:get_all_blossom_saplings": {
    "criteria": {
      "red": "2025-04-24 01:22:32 +0000",
      "blue": "2025-04-24 01:22:16 +0000",
      "yellow": "2025-04-24 01:22:23 +0000",
      "lavender": "2025-04-24 01:22:18 +0000"
    },
    "done": false
  },
  "tombstone:adventure/first_grave": {
    "criteria": {
      "coded_trigger": "2025-04-24 03:25:26 +0000"
    },
    "done": true
  },
  "tombstone:adventure/strong_or_careful": {
    "criteria": {
      "coded_trigger": "2025-04-24 03:25:26 +0000"
    },
    "done": true
  },
  "tombstone:recipes/from_grave_key": {
    "criteria": {
      "has_ingredient": "2025-04-24 03:25:29 +0000"
    },
    "done": true
  },
  "tombstone:adventure/cancel_ghostly_shape": {
    "criteria": {
      "coded_trigger": "2025-04-24 03:28:16 +0000"
    },
    "done": true
  },
  "tombstone:recipes/from_grave_dust": {
    "criteria": {
      "has_ingredient": "2025-04-24 03:39:39 +0000"
    },
    "done": true
  },
  "tombstone:adventure/find_grave_dust": {
    "criteria": {
      "from_undead": "2025-04-24 03:48:34 +0000"
    },
    "done": true
  },
  "DataVersion": 3465
}